{
  "4001 South 700 East": {
    "4001 South 700 East": 0.0,
    "1060 Dalton Ave S": 7.2,
    "1330 2100 S": 3.8,
    "1488 4800 S": 11.0,
    "177 W Price Ave": 2.2,
    "195 W Oakland Ave": 3.5,
    "2010 W 500 S": 10.9,
    "2300 Parkway Blvd": 8.6,
    "233 Canyon Rd": 7.6,
    "2530 S 500 E": 2.8,
    "2600 Taylorsville Blvd": 6.4,
    "2835 Main St": 3.2,
    "300 State St": 7.6,
    "3060 Lester St": 5.2,
    "3148 S 1100 W": 4.4,
    "3365 S 900 W": 3.66112816434,
    "3575 W Valley Central": 7.6,
    "3595 Main St": 2.0,
    "380 W 2880 S": 3.6,
    "410 S State St": 6.5,
    "4300 S 1300 E": 1.9,
    "4580 S 2300 E": 3.4,
    "5025 State St": 2.4,
    "5100 South 2700 West": 6.4,
    "5383 South 900 East": 2.4,
    "600 E 900 South": 5.0,
    "6351 South 900 East": 3.6
  },
  "1060 Dalton Ave S": {
    "4001 South 700 East": 7.2,
    "1060 Dalton Ave S": 0.0,
    "1330 2100 S": 7.1,
    "1488 4800 S": 6.4,
    "177 W Price Ave": 6.0,
    "195 W Oakland Ave": 4.8,
    "2010 W 500 S": 1.6,
    "2300 Parkway Blvd": 2.8,
    "233 Canyon Rd": 4.8,
    "2530 S 500 E": 6.3,
    "2600 Taylorsville Blvd": 7.3,
    "2835 Main St": 5.3,
    "300 State St": 4.8,
    "3060 Lester St": 3.0,
    "3148 S 1100 W": 4.6,
    "3365 S 900 W": 4.5,
    "3575 W Valley Central": 7.4,
    "3595 Main St": 6.0,
    "380 W 2880 S": 5.0,
    "410 S State St": 4.8,
    "4300 S 1300 E": 9.5,
    "4580 S 2300 E": 10.9,
    "5025 State St": 8.3,
    "5100 South 2700 West": 6.9,
    "5383 South 900 East": 10.0,
    "600 E 900 South": 4.4,
    "6351 South 900 East": 13.0
  },
  "1330 2100 S": {
    "4001 South 700 East": 3.8,
    "1060 Dalton Ave S": 7.1,
    "1330 2100 S": 0.0,
    "1488 4800 S": 9.2,
    "177 W Price Ave": 4.4,
    "195 W Oakland Ave": 2.8,
    "2010 W 500 S": 8.6,
    "2300 Parkway Blvd": 6.3,
    "233 Canyon Rd": 5.3,
    "2530 S 500 E": 1.6,
    "2600 Taylorsville Blvd": 10.4,
    "2835 Main St": 3.0,
    "300 State St": 5.3,
    "3060 Lester St": 6.5,
    "3148 S 1100 W": 5.6,
    "3365 S 900 W": 5.8,
    "3575 W Valley Central": 5.7,
    "3595 Main St": 4.1,
    "380 W 2880 S": 3.6,
    "410 S State St": 4.3,
    "4300 S 1300 E": 3.3,
    "4580 S 2300 E": 5.0,
    "5025 State St": 6.1,
    "5100 South 2700 West": 9.7,
    "5383 South 900 East": 6.1,
    "600 E 900 South": 2.8,
    "6351 South 900 East": 7.4
  },
  "1488 4800 S": {
    "4001 South 700 East": 11.0,
    "1060 Dalton Ave S": 6.4,
    "1330 2100 S": 9.2,
    "1488 4800 S": 0.0,
    "177 W Price Ave": 5.6,
    "195 W Oakland Ave": 6.9,
    "2010 W 500 S": 8.6,
    "2300 Parkway Blvd": 4.0,
    "233 Canyon Rd": 11.1,
    "2530 S 500 E": 7.3,
    "2600 Taylorsville Blvd": 1.0,
    "2835 Main St": 6.4,
    "300 State St": 11.1,
    "3060 Lester St": 3.9,
    "3148 S 1100 W": 4.3,
    "3365 S 900 W": 4.4,
    "3575 W Valley Central": 7.2,
    "3595 Main St": 5.3,
    "380 W 2880 S": 6.0,
    "410 S State St": 10.6,
    "4300 S 1300 E": 5.9,
    "4580 S 2300 E": 7.4,
    "5025 State St": 4.7,
    "5100 South 2700 West": 0.6,
    "5383 South 900 East": 6.4,
    "600 E 900 South": 10.1,
    "6351 South 900 East": 10.1
  },
  "177 W Price Ave": {
    "4001 South 700 East": 2.2,
    "1060 Dalton Ave S": 6.0,
    "1330 2100 S": 4.4,
    "1488 4800 S": 5.6,
    "177 W Price Ave": 0.0,
    "195 W Oakland Ave": 1.9,
    "2010 W 500 S": 7.9,
    "2300 Parkway Blvd": 5.1,
    "233 Canyon Rd": 7.5,
    "2530 S 500 E": 2.6,
    "2600 Taylorsville Blvd": 6.5,
    "2835 Main St": 1.5,
    "300 State St": 7.5,
    "3060 Lester St": 3.2,
    "3148 S 1100 W": 2.4,
    "3365 S 900 W": 2.7,
    "3575 W Valley Central": 1.4,
    "3595 Main St": 0.5,
    "380 W 2880 S": 1.7,
    "410 S State St": 6.5,
    "4300 S 1300 E": 3.2,
    "4580 S 2300 E": 5.2,
    "5025 State St": 2.5,
    "5100 South 2700 West": 6.0,
    "5383 South 900 East": 4.2,
    "600 E 900 South": 5.4,
    "6351 South 900 East": 5.5
  },
  "195 W Oakland Ave": {
    "4001 South 700 East": 3.5,
    "1060 Dalton Ave S": 4.8,
    "1330 2100 S": 2.8,
    "1488 4800 S": 6.9,
    "177 W Price Ave": 1.9,
    "195 W Oakland Ave": 0.0,
    "2010 W 500 S": 6.3,
    "2300 Parkway Blvd": 4.3,
    "233 Canyon Rd": 4.5,
    "2530 S 500 E": 1.5,
    "2600 Taylorsville Blvd": 8.7,
    "2835 Main St": 0.8,
    "300 State St": 4.5,
    "3060 Lester St": 3.9,
    "3148 S 1100 W": 3.0,
    "3365 S 900 W": 3.8,
    "3575 W Valley Central": 5.7,
    "3595 Main St": 1.9,
    "380 W 2880 S": 1.1,
    "410 S State St": 3.5,
    "4300 S 1300 E": 4.9,
    "4580 S 2300 E": 6.9,
    "5025 State St": 4.2,
    "5100 South 2700 West": 9.0,
    "5383 South 900 East": 5.9,
    "600 E 900 South": 3.5,
    "6351 South 900 East": 7.2
  },
  "2010 W 500 S": {
    "4001 South 700 East": 10.9,
    "1060 Dalton Ave S": 1.6,
    "1330 2100 S": 8.6,
    "1488 4800 S": 8.6,
    "177 W Price Ave": 7.9,
    "195 W Oakland Ave": 6.3,
    "2010 W 500 S": 0.0,
    "2300 Parkway Blvd": 4.0,
    "233 Canyon Rd": 4.2,
    "2530 S 500 E": 8.0,
    "2600 Taylorsville Blvd": 8.6,
    "2835 Main St": 6.9,
    "300 State St": 4.2,
    "3060 Lester St": 4.2,
    "3148 S 1100 W": 8.0,
    "3365 S 900 W": 5.8,
    "3575 W Valley Central": 7.2,
    "3595 Main St": 7.7,
    "380 W 2880 S": 6.6,
    "410 S State St": 3.2,
    "4300 S 1300 E": 11.2,
    "4580 S 2300 E": 12.7,
    "5025 State St": 10.0,
    "5100 South 2700 West": 8.2,
    "5383 South 900 East": 11.7,
    "600 E 900 South": 5.1,
    "6351 South 900 East": 14.2
  },
  "2300 Parkway Blvd": {
    "4001 South 700 East": 8.6,
    "1060 Dalton Ave S": 2.8,
    "1330 2100 S": 6.3,
    "1488 4800 S": 4.0,
    "177 W Price Ave": 5.1,
    "195 W Oakland Ave": 4.3,
    "2010 W 500 S": 4.0,
    "2300 Parkway Blvd": 0.0,
    "233 Canyon Rd": 7.7,
    "2530 S 500 E": 9.3,
    "2600 Taylorsville Blvd": 4.6,
    "2835 Main St": 4.8,
    "300 State St": 7.7,
    "3060 Lester St": 1.6,
    "3148 S 1100 W": 3.3,
    "3365 S 900 W": 3.4,
    "3575 W Valley Central": 3.1,
    "3595 Main St": 5.1,
    "380 W 2880 S": 4.6,
    "410 S State St": 6.7,
    "4300 S 1300 E": 8.1,
    "4580 S 2300 E": 10.4,
    "5025 State St": 7.8,
    "5100 South 2700 West": 4.2,
    "5383 South 900 East": 9.5,
    "600 E 900 South": 6.2,
    "6351 South 900 East": 10.7
  },
  "233 Canyon Rd": {
    "4001 South 700 East": 7.6,
    "1060 Dalton Ave S": 4.8,
    "1330 2100 S": 5.3,
    "1488 4800 S": 11.1,
    "177 W Price Ave": 7.5,
    "195 W Oakland Ave": 4.5,
    "2010 W 500 S": 4.2,
    "2300 Parkway Blvd": 7.7,
    "233 Canyon Rd": 0.0,
    "2530 S 500 E": 4.8,
    "2600 Taylorsville Blvd": 11.9,
    "2835 Main St": 4.7,
    "300 State St": 0.6,
    "3060 Lester St": 7.6,
    "3148 S 1100 W": 7.8,
    "3365 S 900 W": 6.6,
    "3575 W Valley Central": 7.2,
    "3595 Main St": 5.9,
    "380 W 2880 S": 5.4,
    "410 S State St": 1.0,
    "4300 S 1300 E": 8.5,
    "4580 S 2300 E": 10.3,
    "5025 State St": 7.8,
    "5100 South 2700 West": 11.5,
    "5383 South 900 East": 9.5,
    "600 E 900 South": 2.8,
    "6351 South 900 East": 14.1
  },
  "2530 S 500 E": {
    "4001 South 700 East": 2.8,
    "1060 Dalton Ave S": 6.3,
    "1330 2100 S": 1.6,
    "1488 4800 S": 7.3,
    "177 W Price Ave": 2.6,
    "195 W Oakland Ave": 1.5,
    "2010 W 500 S": 8.0,
    "2300 Parkway Blvd": 9.3,
    "233 Canyon Rd": 4.8,
    "2530 S 500 E": 0.0,
    "2600 Taylorsville Blvd": 9.4,
    "2835 Main St": 1.1,
    "300 State St": 5.1,
    "3060 Lester St": 4.6,
    "3148 S 1100 W": 3.7,
    "3365 S 900 W": 4.0,
    "3575 W Valley Central": 6.7,
    "3595 Main St": 2.3,
    "380 W 2880 S": 1.8,
    "410 S State St": 4.1,
    "4300 S 1300 E": 3.8,
    "4580 S 2300 E": 5.8,
    "5025 State St": 4.3,
    "5100 South 2700 West": 7.8,
    "5383 South 900 East": 4.8,
    "600 E 900 South": 3.2,
    "6351 South 900 East": 6.0
  },
  "2600 Taylorsville Blvd": {
    "4001 South 700 East": 6.4,
    "1060 Dalton Ave S": 7.3,
    "1330 2100 S": 10.4,
    "1488 4800 S": 1.0,
    "177 W Price Ave": 6.5,
    "195 W Oakland Ave": 8.7,
    "2010 W 500 S": 8.6,
    "2300 Parkway Blvd": 4.6,
    "233 Canyon Rd": 11.9,
    "2530 S 500 E": 9.4,
    "2600 Taylorsville Blvd": 0.0,
    "2835 Main St": 7.3,
    "300 State St": 12.0,
    "3060 Lester St": 4.9,
    "3148 S 1100 W": 5.2,
    "3365 S 900 W": 5.4,
    "3575 W Valley Central": 8.1,
    "3595 Main St": 6.2,
    "380 W 2880 S": 6.9,
    "410 S State St": 11.5,
    "4300 S 1300 E": 6.9,
    "4580 S 2300 E": 8.3,
    "5025 State St": 4.1,
    "5100 South 2700 West": 0.4,
    "5383 South 900 East": 4.9,
    "600 E 900 South": 11.0,
    "6351 South 900 East": 6.8
  },
  "2835 Main St": {
    "4001 South 700 East": 3.2,
    "1060 Dalton Ave S": 5.3,
    "1330 2100 S": 3.0,
    "1488 4800 S": 6.4,
    "177 W Price Ave": 1.5,
    "195 W Oakland Ave": 0.8,
    "2010 W 500 S": 6.9,
    "2300 Parkway Blvd": 4.8,
    "233 Canyon Rd": 4.7,
    "2530 S 500 E": 1.1,
    "2600 Taylorsville Blvd": 7.3,
    "2835 Main St": 0.0,
    "300 State St": 4.7,
    "3060 Lester St": 3.5,
    "3148 S 1100 W": 2.6,
    "3365 S 900 W": 2.9,
    "3575 W Valley Central": 6.3,
    "3595 Main St": 1.2,
    "380 W 2880 S": 1.0,
    "410 S State St": 3.7,
    "4300 S 1300 E": 4.1,
    "4580 S 2300 E": 6.2,
    "5025 State St": 3.4,
    "5100 South 2700 West": 6.9,
    "5383 South 900 East": 5.2,
    "600 E 900 South": 3.7,
    "6351 South 900 East": 6.4
  },
  "300 State St": {
    "4001 South 700 East": 7.6,
    "1060 Dalton Ave S": 4.8,
    "1330 2100 S": 5.3,
    "1488 4800 S": 11.1,
    "177 W Price Ave": 7.5,
    "195 W Oakland Ave": 4.5,
    "2010 W 500 S": 4.2,
    "2300 Parkway Blvd": 7.7,
    "233 Canyon Rd": 0.6,
    "2530 S 500 E": 5.1,
    "2600 Taylorsville Blvd": 12.0,
    "2835 Main St": 4.7,
    "300 State St": 0.0,
    "3060 Lester St": 7.3,
    "3148 S 1100 W": 7.8,
    "3365 S 900 W": 6.6,
    "3575 W Valley Central": 7.2,
    "3595 Main St": 5.9,
    "380 W 2880 S": 5.4,
    "410 S State St": 1.0,
    "4300 S 1300 E": 8.5,
    "4580 S 2300 E": 10.3,
    "5025 State St": 7.8,
    "5100 South 2700 West": 11.5,
    "5383 South 900 East": 9.5,
    "600 E 900 South": 2.8,
    "6351 South 900 East": 14.1
  },
  "3060 Lester St": {
    "4001 South 700 East": 5.2,
    "1060 Dalton Ave S": 3.0,
    "1330 2100 S": 6.5,
    "1488 4800 S": 3.9,
    "177 W Price Ave": 3.2,
    "195 W Oakland Ave": 3.9,
    "2010 W 500 S": 4.2,
    "2300 Parkway Blvd": 1.6,
    "233 Canyon Rd": 7.6,
    "2530 S 500 E": 4.6,
    "2600 Taylorsville Blvd": 4.9,
    "2835 Main St": 3.5,
    "300 State St": 7.3,
    "3060 Lester St": 0.0,
    "3148 S 1100 W": 1.3,
    "3365 S 900 W": 1.5,
    "3575 W Valley Central": 4.0,
    "3595 Main St": 3.2,
    "380 W 2880 S": 3.0,
    "410 S State St": 6.9,
    "4300 S 1300 E": 6.2,
    "4580 S 2300 E": 8.2,
    "5025 State St": 5.5,
    "5100 South 2700 West": 4.4,
    "5383 South 900 East": 7.2,
    "600 E 900 South": 6.4,
    "6351 South 900 East": 10.5
  },
  "3148 S 1100 W": {
    "4001 South 700 East": 4.4,
    "1060 Dalton Ave S": 4.6,
    "1330 2100 S": 5.6,
    "1488 4800 S": 4.3,
    "177 W Price Ave": 2.4,
    "195 W Oakland Ave": 3.0,
    "2010 W 500 S": 8.0,
    "2300 Parkway Blvd": 3.3,
    "233 Canyon Rd": 7.8,
    "2530 S 500 E": 3.7,
    "2600 Taylorsville Blvd": 5.2,
    "2835 Main St": 2.6,
    "300 State St": 7.8,
    "3060 Lester St": 1.3,
    "3148 S 1100 W": 0.0,
    "3365 S 900 W": 0.6,
    "3575 W Valley Central": 6.4,
    "3595 Main St": 2.4,
    "380 W 2880 S": 2.2,
    "410 S State St": 6.8,
    "4300 S 1300 E": 5.3,
    "4580 S 2300 E": 7.4,
    "5025 State St": 4.6,
    "5100 South 2700 West": 4.8,
    "5383 South 900 East": 6.3,
    "600 E 900 South": 6.5,
    "6351 South 900 East": 8.8
  },
  "3365 S 900 W": {
    "4001 South 700 East": 3.66112816434,
    "1060 Dalton Ave S": 4.5,
    "1330 2100 S": 5.8,
    "1488 4800 S": 4.4,
    "177 W Price Ave": 2.7,
    "195 W Oakland Ave": 3.8,
    "2010 W 500 S": 5.8,
    "2300 Parkway Blvd": 3.4,
    "233 Canyon Rd": 6.6,
    "2530 S 500 E": 4.0,
    "2600 Taylorsville Blvd": 5.4,
    "2835 Main St": 2.9,
    "300 State St": 6.6,
    "3060 Lester St": 1.5,
    "3148 S 1100 W": 0.6,
    "3365 S 900 W": 0.0,
    "3575 W Valley Central": 5.6,
    "3595 Main St": 1.6,
    "380 W 2880 S": 1.7,
    "410 S State St": 6.4,
    "4300 S 1300 E": 4.9,
    "4580 S 2300 E": 6.9,
    "5025 State St": 4.2,
    "5100 South 2700 West": 5.6,
    "5383 South 900 East": 5.9,
    "600 E 900 South": 5.7,
    "6351 South 900 East": 8.4
  },
  "3575 W Valley Central": {
    "4001 South 700 East": 7.6,
    "1060 Dalton Ave S": 7.4,
    "1330 2100 S": 5.7,
    "1488 4800 S": 7.2,
    "177 W Price Ave": 1.4,
    "195 W Oakland Ave": 5.7,
    "2010 W 500 S": 7.2,
    "2300 Parkway Blvd": 3.1,
    "233 Canyon Rd": 7.2,
    "2530 S 500 E": 6.7,
    "2600 Taylorsville Blvd": 8.1,
    "2835 Main St": 6.3,
    "300 State St": 7.2,
    "3060 Lester St": 4.0,
    "3148 S 1100 W": 6.4,
    "3365 S 900 W": 5.6,
    "3575 W Valley Central": 0.0,
    "3595 Main St": 7.1,
    "380 W 2880 S": 6.1,
    "410 S State St": 7.2,
    "4300 S 1300 E": 10.6,
    "4580 S 2300 E": 12.0,
    "5025 State St": 9.4,
    "5100 South 2700 West": 7.5,
    "5383 South 900 East": 11.1,
    "600 E 900 South": 6.2,
    "6351 South 900 East": 13.6
  },
  "3595 Main St": {
    "4001 South 700 East": 2.0,
    "1060 Dalton Ave S": 6.0,
    "1330 2100 S": 4.1,
    "1488 4800 S": 5.3,
    "177 W Price Ave": 0.5,
    "195 W Oakland Ave": 1.9,
    "2010 W 500 S": 7.7,
    "2300 Parkway Blvd": 5.1,
    "233 Canyon Rd": 5.9,
    "2530 S 500 E": 2.3,
    "2600 Taylorsville Blvd": 6.2,
    "2835 Main St": 1.2,
    "300 State St": 5.9,
    "3060 Lester St": 3.2,
    "3148 S 1100 W": 2.4,
    "3365 S 900 W": 1.6,
    "3575 W Valley Central": 7.1,
    "3595 Main St": 0.0,
    "380 W 2880 S": 1.6,
    "410 S State St": 4.9,
    "4300 S 1300 E": 3.0,
    "4580 S 2300 E": 5.0,
    "5025 State St": 2.3,
    "5100 South 2700 West": 5.5,
    "5383 South 900 East": 4.0,
    "600 E 900 South": 5.1,
    "6351 South 900 East": 5.2
  },
  "380 W 2880 S": {
    "4001 South 700 East": 3.6,
    "1060 Dalton Ave S": 5.0,
    "1330 2100 S": 3.6,
    "1488 4800 S": 6.0,
    "177 W Price Ave": 1.7,
    "195 W Oakland Ave": 1.1,
    "2010 W 500 S": 6.6,
    "2300 Parkway Blvd": 4.6,
    "233 Canyon Rd": 5.4,
    "2530 S 500 E": 1.8,
    "2600 Taylorsville Blvd": 6.9,
    "2835 Main St": 1.0,
    "300 State St": 5.4,
    "3060 Lester St": 3.0,
    "3148 S 1100 W": 2.2,
    "3365 S 900 W": 1.7,
    "3575 W Valley Central": 6.1,
    "3595 Main St": 1.6,
    "380 W 2880 S": 0.0,
    "410 S State St": 4.4,
    "4300 S 1300 E": 4.6,
    "4580 S 2300 E": 6.6,
    "5025 State St": 3.9,
    "5100 South 2700 West": 6.5,
    "5383 South 900 East": 5.6,
    "600 E 900 South": 4.3,
    "6351 South 900 East": 6.9
  },
  "410 S State St": {
    "4001 South 700 East": 6.5,
    "1060 Dalton Ave S": 4.8,
    "1330 2100 S": 4.3,
    "1488 4800 S": 10.6,
    "177 W Price Ave": 6.5,
    "195 W Oakland Ave": 3.5,
    "2010 W 500 S": 3.2,
    "2300 Parkway Blvd": 6.7,
    "233 Canyon Rd": 1.0,
    "2530 S 500 E": 4.1,
    "2600 Taylorsville Blvd": 11.5,
    "2835 Main St": 3.7,
    "300 State St": 1.0,
    "3060 Lester St": 6.9,
    "3148 S 1100 W": 6.8,
    "3365 S 900 W": 6.4,
    "3575 W Valley Central": 7.2,
    "3595 Main St": 4.9,
    "380 W 2880 S": 4.4,
    "410 S State St": 0.0,
    "4300 S 1300 E": 7.5,
    "4580 S 2300 E": 9.3,
    "5025 State St": 6.8,
    "5100 South 2700 West": 11.4,
    "5383 South 900 East": 8.5,
    "600 E 900 South": 1.8,
    "6351 South 900 East": 13.1
  },
  "4300 S 1300 E": {
    "4001 South 700 East": 1.9,
    "1060 Dalton Ave S": 9.5,
    "1330 2100 S": 3.3,
    "1488 4800 S": 5.9,
    "177 W Price Ave": 3.2,
    "195 W Oakland Ave": 4.9,
    "2010 W 500 S": 11.2,
    "2300 Parkway Blvd": 8.1,
    "233 Canyon Rd": 8.5,
    "2530 S 500 E": 3.8,
    "2600 Taylorsville Blvd": 6.9,
    "2835 Main St": 4.1,
    "300 State St": 8.5,
    "3060 Lester St": 6.2,
    "3148 S 1100 W": 5.3,
    "3365 S 900 W": 4.9,
    "3575 W Valley Central": 10.6,
    "3595 Main St": 3.0,
    "380 W 2880 S": 4.6,
    "410 S State St": 7.5,
    "4300 S 1300 E": 0.0,
    "4580 S 2300 E": 2.0,
    "5025 State St": 2.9,
    "5100 South 2700 West": 6.4,
    "5383 South 900 East": 2.8,
    "600 E 900 South": 6.0,
    "6351 South 900 East": 4.1
  },
  "4580 S 2300 E": {
    "4001 South 700 East": 3.4,
    "1060 Dalton Ave S": 10.9,
    "1330 2100 S": 5.0,
    "1488 4800 S": 7.4,
    "177 W Price Ave": 5.2,
    "195 W Oakland Ave": 6.9,
    "2010 W 500 S": 12.7,
    "2300 Parkway Blvd": 10.4,
    "233 Canyon Rd": 10.3,
    "2530 S 500 E": 5.8,
    "2600 Taylorsville Blvd": 8.3,
    "2835 Main St": 6.2,
    "300 State St": 10.3,
    "3060 Lester St": 8.2,
    "3148 S 1100 W": 7.4,
    "3365 S 900 W": 6.9,
    "3575 W Valley Central": 12.0,
    "3595 Main St": 5.0,
    "380 W 2880 S": 6.6,
    "410 S State St": 9.3,
    "4300 S 1300 E": 2.0,
    "4580 S 2300 E": 0.0,
    "5025 State St": 4.4,
    "5100 South 2700 West": 7.9,
    "5383 South 900 East": 3.4,
    "600 E 900 South": 7.9,
    "6351 South 900 East": 4.7
  },
  "5025 State St": {
    "4001 South 700 East": 2.4,
    "1060 Dalton Ave S": 8.3,
    "1330 2100 S": 6.1,
    "1488 4800 S": 4.7,
    "177 W Price Ave": 2.5,
    "195 W Oakland Ave": 4.2,
    "2010 W 500 S": 10.0,
    "2300 Parkway Blvd": 7.8,
    "233 Canyon Rd": 7.8,
    "2530 S 500 E": 4.3,
    "2600 Taylorsville Blvd": 4.1,
    "2835 Main St": 3.4,
    "300 State St": 7.8,
    "3060 Lester St": 5.5,
    "3148 S 1100 W": 4.6,
    "3365 S 900 W": 4.2,
    "3575 W Valley Central": 9.4,
    "3595 Main St": 2.3,
    "380 W 2880 S": 3.9,
    "410 S State St": 6.8,
    "4300 S 1300 E": 2.9,
    "4580 S 2300 E": 4.4,
    "5025 State St": 0.0,
    "5100 South 2700 West": 4.5,
    "5383 South 900 East": 1.7,
    "600 E 900 South": 6.8,
    "6351 South 900 East": 3.1
  },
  "5100 South 2700 West": {
    "4001 South 700 East": 6.4,
    "1060 Dalton Ave S": 6.9,
    "1330 2100 S": 9.7,
    "1488 4800 S": 0.6,
    "177 W Price Ave": 6.0,
    "195 W Oakland Ave": 9.0,
    "2010 W 500 S": 8.2,
    "2300 Parkway Blvd": 4.2,
    "233 Canyon Rd": 11.5,
    "2530 S 500 E": 7.8,
    "2600 Taylorsville Blvd": 0.4,
    "2835 Main St": 6.9,
    "300 State St": 11.5,
    "3060 Lester St": 4.4,
    "3148 S 1100 W": 4.8,
    "3365 S 900 W": 5.6,
    "3575 W Valley Central": 7.5,
    "3595 Main St": 5.5,
    "380 W 2880 S": 6.5,
    "410 S State St": 11.4,
    "4300 S 1300 E": 6.4,
    "4580 S 2300 E": 7.9,
    "5025 State St": 4.5,
    "5100 South 2700 West": 0.0,
    "5383 South 900 East": 5.4,
    "600 E 900 South": 10.6,
    "6351 South 900 East": 7.8
  },
  "5383 South 900 East": {
    "4001 South 700 East": 2.4,
    "1060 Dalton Ave S": 10.0,
    "1330 2100 S": 6.1,
    "1488 4800 S": 6.4,
    "177 W Price Ave": 4.2,
    "195 W Oakland Ave": 5.9,
    "2010 W 500 S": 11.7,
    "2300 Parkway Blvd": 9.5,
    "233 Canyon Rd": 9.5,
    "2530 S 500 E": 4.8,
    "2600 Taylorsville Blvd": 4.9,
    "2835 Main St": 5.2,
    "300 State St": 9.5,
    "3060 Lester St": 7.2,
    "3148 S 1100 W": 6.3,
    "3365 S 900 W": 5.9,
    "3575 W Valley Central": 11.1,
    "3595 Main St": 4.0,
    "380 W 2880 S": 5.6,
    "410 S State St": 8.5,
    "4300 S 1300 E": 2.8,
    "4580 S 2300 E": 3.4,
    "5025 State St": 1.7,
    "5100 South 2700 West": 5.4,
    "5383 South 900 East": 0.0,
    "600 E 900 South": 7.0,
    "6351 South 900 East": 1.3
  },
  "600 E 900 South": {
    "4001 South 700 East": 5.0,
    "1060 Dalton Ave S": 4.4,
    "1330 2100 S": 2.8,
    "1488 4800 S": 10.1,
    "177 W Price Ave": 5.4,
    "195 W Oakland Ave": 3.5,
    "2010 W 500 S": 5.1,
    "2300 Parkway Blvd": 6.2,
    "233 Canyon Rd": 2.8,
    "2530 S 500 E": 3.2,
    "2600 Taylorsville Blvd": 11.0,
    "2835 Main St": 3.7,
    "300 State St": 2.8,
    "3060 Lester St": 6.4,
    "3148 S 1100 W": 6.5,
    "3365 S 900 W": 5.7,
    "3575 W Valley Central": 6.2,
    "3595 Main St": 5.1,
    "380 W 2880 S": 4.3,
    "410 S State St": 1.8,
    "4300 S 1300 E": 6.0,
    "4580 S 2300 E": 7.9,
    "5025 State St": 6.8,
    "5100 South 2700 West": 10.6,
    "5383 South 900 East": 7.0,
    "600 E 900 South": 0.0,
    "6351 South 900 East": 8.3
  },
  "6351 South 900 East": {
    "4001 South 700 East": 3.6,
    "1060 Dalton Ave S": 13.0,
    "1330 2100 S": 7.4,
    "1488 4800 S": 10.1,
    "177 W Price Ave": 5.5,
    "195 W Oakland Ave": 7.2,
    "2010 W 500 S": 14.2,
    "2300 Parkway Blvd": 10.7,
    "233 Canyon Rd": 14.1,
    "2530 S 500 E": 6.0,
    "2600 Taylorsville Blvd": 6.8,
    "2835 Main St": 6.4,
    "300 State St": 14.1,
    "3060 Lester St": 10.5,
    "3148 S 1100 W": 8.8,
    "3365 S 900 W": 8.4,
    "3575 W Valley Central": 13.6,
    "3595 Main St": 5.2,
    "380 W 2880 S": 6.9,
    "410 S State St": 13.1,
    "4300 S 1300 E": 4.1,
    "4580 S 2300 E": 4.7,
    "5025 State St": 3.1,
    "5100 South 2700 West": 7.8,
    "5383 South 900 East": 1.3,
    "600 E 900 South": 8.3,
    "6351 South 900 East": 0.0
  }
}