{
  "1": {
    "id": 1,
    "city": "Salt Lake City",
    "state": "UT",
    "zip": 84115,
    "kg": 21,
    "address": "195 W Oakland Ave",
    "deadline": "10:30",
    "required_truck": false,
    "is_peer": false,
    "is_delayed": false
  },
  "2": {
    "id": 2,
    "city": "Salt Lake City",
    "state": "UT",
    "zip": 84106,
    "kg": 44,
    "address": "2530 S 500 E",
    "deadline": "17:00",
    "required_truck": false,
    "is_peer": false,
    "is_delayed": false
  },
  "3": {
    "id": 3,
    "city": "Salt Lake City",
    "state": "UT",
    "zip": 84103,
    "kg": 2,
    "address": "233 Canyon Rd",
    "deadline": "17:00",
    "required_truck": 2,
    "is_peer": false,
    "is_delayed": false
  },
  "4": {
    "id": 4,
    "city": "Salt Lake City",
    "state": "UT",
    "zip": 84115,
    "kg": 4,
    "address": "380 W 2880 S",
    "deadline": "17:00",
    "required_truck": false,
    "is_peer": false,
    "is_delayed": false
  },
  "5": {
    "id": 5,
    "city": "Salt Lake City",
    "state": "UT",
    "zip": 84111,
    "kg": 5,
    "address": "410 S State St",
    "deadline": "17:00",
    "required_truck": false,
    "is_peer": false,
    "is_delayed": false
  },
  "6": {
    "id": 6,
    "city": "West Valley City",
    "state": "UT",
    "zip": 84119,
    "kg": 88,
    "address": "3060 Lester St",
    "deadline": "10:30",
    "required_truck": false,
    "is_peer": false,
    "is_delayed": true
  },
  "7": {
    "id": 7,
    "city": "Salt Lake City",
    "state": "UT",
    "zip": 84106,
    "kg": 8,
    "address": "1330 2100 S",
    "deadline": "17:00",
    "required_truck": false,
    "is_peer": false,
    "is_delayed": false
  },
  "8": {
    "id": 8,
    "city": "Salt Lake City",
    "state": "UT",
    "zip": 84103,
    "kg": 9,
    "address": "300 State St",
    "deadline": "17:00",
    "required_truck": false,
    "is_peer": false,
    "is_delayed": false
  },
  "9": {
    "id": 9,
    "city": "Salt Lake City",
    "state": "UT",
    "zip": 84103,
    "kg": 2,
    "address": "300 State St",
    "deadline": "17:00",
    "required_truck": false,
    "is_peer": false,
    "is_delayed": false
  },
  "10": {
    "id": 10,
    "city": "Salt Lake City",
    "state": "UT",
    "zip": 84105,
    "kg": 1,
    "address": "600 E 900 South",
    "deadline": "17:00",
    "required_truck": false,
    "is_peer": false,
    "is_delayed": false
  },
  "11": {
    "id": 11,
    "city": "Salt Lake City",
    "state": "UT",
    "zip": 84118,
    "kg": 1,
    "address": "2600 Taylorsville Blvd",
    "deadline": "17:00",
    "required_truck": false,
    "is_peer": false,
    "is_delayed": false
  },
  "12": {
    "id": 12,
    "city": "West Valley City",
    "state": "UT",
    "zip": 84119,
    "kg": 1,
    "address": "3575 W Valley Central",
    "deadline": "17:00",
    "required_truck": false,
    "is_peer": false,
    "is_delayed": false
  },
  "13": {
    "id": 13,
    "city": "Salt Lake City",
    "state": "UT",
    "zip": 84104,
    "kg": 2,
    "address": "2010 W 500 S",
    "deadline": "10:30",
    "required_truck": false,
    "is_peer": false,
    "is_delayed": false
  },
  "14": {
    "id": 14,
    "city": "Millcreek",
    "state": "UT",
    "zip": 84117,
    "kg": 88,
    "address": "4300 S 1300 E",
    "deadline": "10:30",
    "required_truck": false,
    "is_peer": true,
    "is_delayed": false
  },
  "15": {
    "id": 15,
    "city": "Holladay",
    "state": "UT",
    "zip": 84117,
    "kg": 4,
    "address": "4580 S 2300 E",
    "deadline": "09:00",
    "required_truck": false,
    "is_peer": false,
    "is_delayed": false
  },
  "16": {
    "id": 16,
    "city": "Holladay",
    "state": "UT",
    "zip": 84117,
    "kg": 88,
    "address": "4580 S 2300 E",
    "deadline": "10:30",
    "required_truck": false,
    "is_peer": true,
    "is_delayed": false
  },
  "17": {
    "id": 17,
    "city": "Salt Lake City",
    "state": "UT",
    "zip": 84119,
    "kg": 2,
    "address": "3148 S 1100 W",
    "deadline": "17:00",
    "required_truck": false,
    "is_peer": false,
    "is_delayed": false
  },
  "18": {
    "id": 18,
    "city": "Salt Lake City",
    "state": "UT",
    "zip": 84123,
    "kg": 6,
    "address": "1488 4800 S",
    "deadline": "17:00",
    "required_truck": 2,
    "is_peer": false,
    "is_delayed": false
  },
  "19": {
    "id": 19,
    "city": "Salt Lake City",
    "state": "UT",
    "zip": 84115,
    "kg": 37,
    "address": "177 W Price Ave",
    "deadline": "17:00",
    "required_truck": false,
    "is_peer": false,
    "is_delayed": false
  },
  "20": {
    "id": 20,
    "city": "Salt Lake City",
    "state": "UT",
    "zip": 84115,
    "kg": 37,
    "address": "3595 Main St",
    "deadline": "10:30",
    "required_truck": false,
    "is_peer": true,
    "is_delayed": false
  },
  "21": {
    "id": 21,
    "city": "Salt Lake City",
    "state": "UT",
    "zip": 84115,
    "kg": 3,
    "address": "3595 Main St",
    "deadline": "17:00",
    "required_truck": false,
    "is_peer": false,
    "is_delayed": false
  },
  "22": {
    "id": 22,
    "city": "Murray",
    "state": "UT",
    "zip": 84121,
    "kg": 2,
    "address": "6351 South 900 East",
    "deadline": "17:00",
    "required_truck": false,
    "is_peer": false,
    "is_delayed": false
  },
  "23": {
    "id": 23,
    "city": "Salt Lake City",
    "state": "UT",
    "zip": 84118,
    "kg": 5,
    "address": "5100 South 2700 West",
    "deadline": "17:00",
    "required_truck": false,
    "is_peer": false,
    "is_delayed": false
  },
  "24": {
    "id": 24,
    "city": "Murray",
    "state": "UT",
    "zip": 84107,
    "kg": 7,
    "address": "5025 State St",
    "deadline": "17:00",
    "required_truck": false,
    "is_peer": false,
    "is_delayed": false
  },
  "25": {
    "id": 25,
    "city": "Salt Lake City",
    "state": "UT",
    "zip": 84117,
    "kg": 7,
    "address": "5383 South 900 East",
    "deadline": "10:30",
    "required_truck": false,
    "is_peer": false,
    "is_delayed": true
  },
  "26": {
    "id": 26,
    "city": "Salt Lake City",
    "state": "UT",
    "zip": 84117,
    "kg": 25,
    "address": "5383 South 900 East",
    "deadline": "17:00",
    "required_truck": false,
    "is_peer": false,
    "is_delayed": false
  },
  "27": {
    "id": 27,
    "city": "Salt Lake City",
    "state": "UT",
    "zip": 84104,
    "kg": 5,
    "address": "1060 Dalton Ave S",
    "deadline": "17:00",
    "required_truck": false,
    "is_peer": false,
    "is_delayed": false
  },
  "28": {
    "id": 28,
    "city": "Salt Lake City",
    "state": "UT",
    "zip": 84115,
    "kg": 7,
    "address": "2835 Main St",
    "deadline": "17:00",
    "required_truck": false,
    "is_peer": false,
    "is_delayed": true
  },
  "29": {
    "id": 29,
    "city": "Salt Lake City",
    "state": "UT",
    "zip": 84106,
    "kg": 2,
    "address": "1330 2100 S",
    "deadline": "10:30",
    "required_truck": false,
    "is_peer": false,
    "is_delayed": false
  },
  "30": {
    "id": 30,
    "city": "Salt Lake City",
    "state": "UT",
    "zip": 84103,
    "kg": 1,
    "address": "300 State St",
    "deadline": "10:30",
    "required_truck": false,
    "is_peer": false,
    "is_delayed": false
  },
  "31": {
    "id": 31,
    "city": "Salt Lake City",
    "state": "UT",
    "zip": 84119,
    "kg": 1,
    "address": "3365 S 900 W",
    "deadline": "10:30",
    "required_truck": false,
    "is_peer": false,
    "is_delayed": false
  },
  "32": {
    "id": 32,
    "city": "Salt Lake City",
    "state": "UT",
    "zip": 84119,
    "kg": 1,
    "address": "3365 S 900 W",
    "deadline": "17:00",
    "required_truck": false,
    "is_peer": false,
    "is_delayed": true
  },
  "33": {
    "id": 33,
    "city": "Salt Lake City",
    "state": "UT",
    "zip": 84106,
    "kg": 1,
    "address": "2530 S 500 E",
    "deadline": "17:00",
    "required_truck": false,
    "is_peer": false,
    "is_delayed": false
  },
  "34": {
    "id": 34,
    "city": "Holladay",
    "state": "UT",
    "zip": 84117,
    "kg": 2,
    "address": "4580 S 2300 E",
    "deadline": "10:30",
    "required_truck": false,
    "is_peer": false,
    "is_delayed": false
  },
  "35": {
    "id": 35,
    "city": "Salt Lake City",
    "state": "UT",
    "zip": 84104,
    "kg": 88,
    "address": "1060 Dalton Ave S",
    "deadline": "17:00",
    "required_truck": false,
    "is_peer": false,
    "is_delayed": false
  },
  "36": {
    "id": 36,
    "city": "West Valley City",
    "state": "UT",
    "zip": 84119,
    "kg": 88,
    "address": "2300 Parkway Blvd",
    "deadline": "17:00",
    "required_truck": 2,
    "is_peer": false,
    "is_delayed": false
  },
  "37": {
    "id": 37,
    "city": "Salt Lake City",
    "state": "UT",
    "zip": 84111,
    "kg": 2,
    "address": "410 S State St",
    "deadline": "10:30",
    "required_truck": false,
    "is_peer": false,
    "is_delayed": false
  },
  "38": {
    "id": 38,
    "city": "Salt Lake City",
    "state": "UT",
    "zip": 84111,
    "kg": 9,
    "address": "410 S State St",
    "deadline": "17:00",
    "required_truck": 2,
    "is_peer": false,
    "is_delayed": false
  },
  "39": {
    "id": 39,
    "city": "Salt Lake City",
    "state": "UT",
    "zip": 84104,
    "kg": 9,
    "address": "2010 W 500 S",
    "deadline": "17:00",
    "required_truck": false,
    "is_peer": false,
    "is_delayed": false
  },
  "40": {
    "id": 40,
    "city": "Salt Lake City",
    "state": "UT",
    "zip": 84115,
    "kg": 45,
    "address": "380 W 2880 S",
    "deadline": "10:30",
    "required_truck": false,
    "is_peer": false,
    "is_delayed": false
  }
}